FID,name,operator_t,isced_leve,Lat,log,Remarks
61, Adarsha Higher Secondary School,government,higher_secondary,27.68169546,85.37613759, 
26,Ace Institute of Management,private,college,27.69915607,85.34775663, 
13,Acer International College,private,college,27.67443503,85.36087131, 
77,Active Academy College,private,college,27.74155022,85.33004583, 
163,Adarsha Azad Higher Secondary School,government,higher_secondary,27.66767226,85.43190057, 
6,Adarsha Janapremi Higher Secondary School,private,college,27.67535934,85.365053, 
332,Adarsha Kanya Niketan Higher Secondary School,government,higher_secondary,27.67348919,85.32606806, 
229,Adarsha Secondary School,government,higher_secondary,27.67742056,85.38599428, 
451,Adarsha Shila Yubak Higher Secondary School,government,higher_secondary,27.63582805,85.30509993, 
215,Adarsha Yog-Hari Higher Secondary School,community,higher_secondary,27.71855513,85.3149623, 
301,Advanced College of EngineeringandManagement,private,college,27.69022936,85.31276388, 
325,Advanced College of Engineering and Management,private,college,27.70427326,85.28325576, 
204,Ages Graded English Higher Secondary School,private,higher_secondary,27.71990149,85.36578906, 
407,AIM,private,college,27.65707691,85.33254441, 
88,AJW College - (A Level),private,college,27.7302372,85.32606412, 
338,Alka Institute of Medical Sciences (AIMS),private,college,27.6682802,85.30509078, 
389,Alok Vidyashram,private,higher_secondary,27.7071464,85.34195444, 
345,Amar Jyoti Higher Secondary School,government,higher_secondary,27.70138025,85.27213771, 
415,Ambition Academy,private,higher_secondary,27.7026326,85.33850733, 
364,Ambrosia International College,private,college,27.6715023,85.3153067, 
476,Amrit Science Campus,government,college,27.71764794,85.31281867, 
252,Angel's Heart Higher Secondary School,private,higher_secondary,27.74300393,85.31245811, 
299,Annapurna Higher Secondary School,private,higher_secondary,27.70964334,85.31346941, 
31,Apex College,private,college,27.69916538,85.33796096, 
190,Apollo International College,private,college,27.69463837,85.3351594, 
115,Araniko Higher Secondary School,government,higher_secondary,27.65322485,85.39137397, 
367,Araniko International Academy,private,higher_secondary,27.65952311,85.32164134, 
24,Arunima Higher Secondary School,private,college,27.71699956,85.35878848, 
426,Arunodaya Higher Secondary School,government,higher_secondary,27.62045003,85.26536811, 
199,Ashirwad College,private,college,27.7255735,85.31345737, 
116,Ashraya Vidya Sadan,private,higher_secondary,27.70337079,85.30378689, 
291,Asian College,private,college,27.67067466,85.30970609, 
167,Asian College of Management and Technology,private,college,27.6867219,85.33799123, 
396,Asian College of Medical Science and Technology,private,college,27.68468434,85.32235507, 
184,Asian Engineering College,private,college,27.68244879,85.33331754, 
34,Asian School of Management,private,college,27.72808146,85.31493149, 
200,Atlantic International College,private,college,27.72255682,85.31230506, 
472,AVM High School,private,higher_secondary,27.66751477,85.31528926, 
178,Bageshwori Higher Secondary School,community,higher_secondary,27.67304729,85.43878895, 
105,Bagmati Modern College,private,college,27.7276592,85.34668195, 
280,Bajra International College,private,college,27.72166864,85.36864444, 
68,Bal Uddhar Higher Secondary School,government,higher_secondary,27.73040047,85.35604861, 
293,Balmeeki Campus,government,college,27.70254181,85.32060852, 
38,Baneshwor Campus,community,college,27.68903969,85.34790524, 
416,Banibilas Higher Secondary School,government,higher_secondary,27.59803495,85.32433878, 
171,Basbari Higher Secondary School / Chiran Milan Bishwashanti Campus,government,higher_secondary,27.74117095,85.34503003, 
14,Basu Higher Secondary School,government,higher_secondary,27.67833847,85.42918169, 
186,Bhanubhakta Memorial College,community,college,27.72657682,85.32499091, 
187,Bhanubhakta Memorial Higher Secondary School,community,higher_secondary,27.72664312,85.32464136, 
383,Big Buddha National Academy,private,higher_secondary,27.71312083,85.27524274, 
108,Bijaya Smarak Higher Secondary School,government,higher_secondary,27.70505437,85.32695694, 
434,Bijeshwori Higher Secondary School,private,higher_secondary,27.71279425,85.30004546, 
247,Bishwa Bhasha Campus,government,college,27.70269887,85.31919959, 
439,Boudeshwor Higher Secondary School,government,higher_secondary,27.79839046,85.32771685, 
25,Bridgewater College,private,college,27.6963156,85.35234647, 
368,Bright Future School,private,higher_secondary,27.65984433,85.32260789, 
160,Bright Land Higher Secondary School,private,higher_secondary,27.73064907,85.30433919, 
22,British Gorkha College,private,college,27.74365443,85.33996071, 
158,British Gurkha Academy College,private,college,27.74569822,85.34133808, 
343,Brookfield College,private,college,27.69770248,85.34879881, 
478,Brooklfield College,private,college,27.6972163,85.34945983, 
106,Brooklyn International College,private,higher_secondary,27.72675823,85.34639648, 
464,BST College,private,higher_secondary,27.7361728,85.30837049, 
206,Buddha Jyoti  Academy,private,higher_secondary,27.70973904,85.30114315, 
224,Budhanilakantha Higher Secondary School,government,college,27.77677283,85.36269846, 
11,Camad College,private,college,27.73028494,85.34773913, 
339,Cambridge International Boarding Higher Secondary School,private,higher_secondary,27.69358564,85.28040625, 
289,Camelliya English Boarding School,private,higher_secondary,27.69541047,85.29972577, 
3,Campion College,private,college,27.68687269,85.31241046, 
112,Campion Kathmandu College,private,college,27.71734039,85.33336389, 
109,Canvas International College,private,college,27.73838657,85.32677032, 
209,Capital College and Research Centre,private,college,27.67264351,85.34367914, 
381,Capital Hill Secondary School,private,higher_secondary,27.71094408,85.27690572, 
363,Caribbean College,private,college,27.67012037,85.3157681, 
435,Carina International Academy Higher Secondary School,private,higher_secondary,27.71801571,85.29818736, 
205,Centennial Higher Secondary School,private,higher_secondary,27.72067856,85.37038694, 
365,Central Degree College,private,college,27.6640778,85.31411168, 
53,Central Department of Fine Arts,government,college,27.67938098,85.28324531, 
258,Chakrawarti Habi College of Health Science,private,college,27.67798387,85.39863358, 
136,Chamunda Higher Secondary School,government,higher_secondary,27.72232227,85.37978387, 
133,Changu Narayan Higher Secondary School,government,higher_secondary,27.70519525,85.41807574, 
189,Chelsea International Academy,private,college,27.69444715,85.3354638, 
234,CIST (Central Institute of Science and Technology),private,college,27.69334653,85.34005292, 
348,CITE,private,college,27.68411851,85.3454939, 
406,Citizen College,private,college,27.65845724,85.32716763, 
4,Classic College International,private,college,27.70245162,85.34925646, 
113,College of Applied Business,private,college,27.71727923,85.33193032, 
183,College of Applied Sciences,private,college,27.69592003,85.32982535, 
52,College of Biomedical Engineering And Applied Sciences,private,college,27.71963392,85.33756979, 
114,College of Business Management,private,college,27.70597756,85.32611866, 
330,College of Journalism and Mass Communication(CJMC),private,college,27.67439066,85.34160731, 
127,Columbus College,private,college,27.68611195,85.33484907, 
98,Cosmopolitan College,private,college,27.71490099,85.34242117, 
154,"Crimson International College, Higher Secondary School (Lali Gurans Higher Secondary School and College)",private,college,27.68297553,85.33357278, 
432,Deep Kunj Higher Secondary English School,private,higher_secondary,27.65172505,85.30511491, 
479,Deerwalk Institute Of Technology, , ,27.7122676,85.3426512, 
250,Devi Higher Secondary School,government,higher_secondary,27.66302931,85.46889154, 
414,Dhaulagiri Higher Secondary School,government,higher_secondary,27.71566166,85.42692627, 
236,Divya Gyan English Boarding High School,private,higher_secondary,27.7069086,85.30092883, 
211,Don Bosco College,private,college,27.67484808,85.34196494, 
457,East Pole Higher Secondary School,private,higher_secondary,27.71915814,85.37575186, 
369,Einstein Academy,private,college,27.66131956,85.31763192, 
195,Erudite Academy,private,higher_secondary,27.67699316,85.36129213, 
201,Eternal Light Public Higher Secondary School,private,higher_secondary,27.72179712,85.30890623, 
91,Everest College,private,college,27.69264686,85.31762463, 
382,Everest College of Engineering and Management,private,college,27.71059096,85.27692591, 
347,Everest College of Nursing,private,college,27.68543557,85.34369227, 
373,Everest Florida Higher Secondary English Boarding School,private,higher_secondary,27.69202252,85.34086147, 
327,Everest International College,private,higher_secondary,27.69751539,85.29201, 
216,Everest Multiple College,private,college,27.71987991,85.31310129, 
408,Evergreen English School,private,higher_secondary,27.72655144,85.45954809, 
131,Fluorescent Higher Secondary School,private,higher_secondary,27.74560653,85.31846717, 
384,Forward Academy,private,higher_secondary,27.73542097,85.31286112, 
469,Galaxy Public School,private,higher_secondary,27.70759146,85.33060587, 
172,Ganesh Higher Secondary School,community,college,27.76105015,85.35222632, 
354,Ganesh Man Singh Multiple Campus,community,college,27.69184286,85.28491747, 
241,GATE College,private,college,27.73627717,85.35069659, 
140,Gateway College,private,college,27.73236452,85.31641726, 
326,Gaurishanker Higher Secondary School,private,college,27.70224946,85.28671077, 
119,Gautam English Boarding School,private,higher_secondary,27.70029807,85.30824404, 
122,Geetanjali English Higher Secondary School,private,college,27.72142036,85.30409997, 
287,Gillette International Boarding High School,private,college,27.69760918,85.29789325, 
428,Gitamata Higher Secondary School,government,higher_secondary,27.71367395,85.29982425, 
5,Glacier International Higher Secondary School,private,higher_secondary,27.68804214,85.34552504, 
349,Global College and Higher Secondary School,private,college,27.66702006,85.3207956, 
461,Global College International,private,college,27.68954368,85.34038366, 
39,Global College of Management,private,college,27.69862099,85.34230205, 
386,Golden Gate International College,private,college,27.70351458,85.34005604, 
468,Gram Sewa Higher Secondary School and College,government,college,27.76544517,85.30054022, 
144,Green Kantipur Higher Secondary School,private,higher_secondary,27.72213041,85.28351438, 
62,Green Tara College of Health Science,private,college,27.64572079,85.30500225, 
395,Greenfield National School,private,higher_secondary,27.70427347,85.28064951, 
89,Greenland Children's Academy (GCA School),private,college,27.73079161,85.31567053, 
262,Greenwich Academy,private,college,27.69213308,85.36160322, 
23,Guheswori Higher Secondary School,government,higher_secondary,27.69478575,85.35194677, 
78,Gunraj Pathak Memorial Nursing Campus,private,college,27.72500898,85.33502548, 
157,Gyan Niketan College,private,college,27.68334491,85.33667322, 
129,Gyan Niketan School,private,higher_secondary,27.68397577,85.33374058, 
305,Gyanodaya Bal Batika Secondary Boarding School,private,higher_secondary,27.68055353,85.30615025, 
438,Gyanodaya Secondary School,government,higher_secondary,27.69925086,85.2845631, 
372,HAM'S Nursing College,private,college,27.68524416,85.3293709, 
20,Herald International College,private,college,27.7398484,85.33597211, 
96,Heritage High Academy,private,higher_secondary,27.71711119,85.33994639, 
358,Hill Town Higher Secondary School,private,higher_secondary,27.67995731,85.27641936, 
260,Hillside College of Engineering,private,college,27.6739682,85.34221354, 
336,Hilltop Higher Secondary School,private,higher_secondary,27.6008454,85.32178697, 
264,Himal Dental Hospital & Institute of Dental Science,private,college,27.71978767,85.34602167, 
474,Himalaya College,private,college,27.67902751,85.34644774, 
393,Himalaya College of Engineering,private,college,27.67700231,85.33252406, 
139,Himalaya Higher Secondary School,private,higher_secondary,27.67944441,85.34822363, 
60,Himalaya Vidya Mandir Higher Secondary School,private,higher_secondary,27.7097483,85.33872004, 
288,Himalayan College of Agriculture Science and Technology,community,college,27.68961621,85.28337122, 
151,Himalayan College of Geomatic Engineering and Land Resources Management,private,college,27.71283488,85.34733551, 
149,Himalayan Institute of Science and Technology,private,college,27.69130376,85.34994064, 
137,Himalayan Internatinal Model High School,private,higher_secondary,27.72346867,85.38074769, 
405,Hindu Vidhyapeeth Higher Secondary School,community,higher_secondary,27.72528666,85.41129767, 
239,Holy Vision International Higher Secondary School,private,higher_secondary,27.70178062,85.29423781, 
334,Hope International College,private,college,27.65635608,85.32231823, 
410,I J Pioneer School,private,higher_secondary,27.6462568,85.33546864, 
64,Ideal English Higher Secondary School,private,higher_secondary,27.71670467,85.34999036, 
374,Indradhanush Higher Secondary School,private,higher_secondary,27.69605464,85.34410282, 
134,Innovative College of Health Science Pvt. Ltd.,private,college,27.71131461,85.34038626, 
297,Institute of Banking and Management Studies,private,college,27.67933155,85.32634083, 
63,International College of Hospitality management,private,college,27.69239911,85.34039768, 
271,International College of Hospitiality Management (ICHM),private,college,27.6876103,85.31257106, 
164,International School of Management and Technology,private,college,27.68874853,85.3490472, 
462,Islington College,private,college,27.70761118,85.32530321, 
449,Iwamura College of Heath Science,private,college,27.67233034,85.41126453, 
450,Iwamura College of Heath Science (Nursing Block),private,college,27.67321805,85.40963156, 
99,Jagat Mandir English Boarding School,private,higher_secondary,27.71520126,85.34250741, 
335,Jana Bhawana Campus,community,college,27.59775456,85.32407831, 
471,Jana Bikash Ucchha Secondary School,government,higher_secondary,27.68262837,85.29817569, 
48,Jana Sewa Higher Secondary School,government,higher_secondary,27.66780813,85.27482124, 
217,Janak Nath Memorial Higher Secondary  School,community,higher_secondary,27.71828752,85.3136582, 
232,Jaya Higher Secondary School,private,higher_secondary,27.68511013,85.38865646, 
404,Jaya Multiple College,private,college,27.72829141,85.38502256, 
333,Jesus College,private,college,27.65283671,85.31936316, 
444,Jitpurfedi Higher Secondary School,government,higher_secondary,27.77277276,85.2788594, 
281,Kailashkut Multiple College,community,college,27.71533514,85.34634448, 
431,Kali Devi Higher Secondary School,government,higher_secondary,27.78731015,85.31236435, 
313,Kamal English Boarding Higher Secondary School,private,higher_secondary,27.6859933,85.29777329, 
465,Kamana HS School,private,higher_secondary,27.73941657,85.31337992, 
69,Kamana International College,private,college,27.72341408,85.29374779, 
467,Kanjirowa College,private,higher_secondary,27.67348336,85.34332752, 
73,Kantipur City College,private,college,27.70370504,85.32335765, 
403,Kantipur College of Management and Information Technology,private,college,27.69852237,85.34065221, 
36,Kantipur Dental College,private,college,27.73648071,85.3239784, 
147,Kantipur International College (Kantipur Hotel Management College),private,college,27.68840132,85.33130908, 
421,Kantipur International College of Engineering and Management,private,college,27.64652293,85.36545861, 
161,Kanya Mandir Higher Secondary School,government,higher_secondary,27.7099585,85.30883037, 
423,Kathford Internatioanl College of Engineering and Management,private,college,27.67075075,85.34018524, 
226,Kathford International College of Engineering and Management / Bhassara Secondary School,private,college,27.6736223,85.33860963, 
314,Kathmandu BernHardt College,private,higher_secondary,27.68591417,85.29638896, 
424,Kathmandu College of Management,private,college,27.6631486,85.33002521, 
57,Kathmandu Engineering College,private,college,27.69871332,85.29690902, 
210,Kathmandu Forestry College,private,college,27.67482319,85.34117861, 
185,Kathmandu Institute of Technical  Science (KITS),private,college,27.68684592,85.33164823, 
268,Kathmandu Medical College,private,college,27.68740674,85.40785823, 
295,Kathmandu Model College,private,college,27.70647279,85.31894637, 
294,Kathmandu Model Hospital School of Oral Health,private,higher_secondary,27.70648582,85.31809826, 
342,Kathmandu Nursing Campus,private,college,27.74664933,85.33569092, 
42,Kathmandu Unified City College,private,college,27.72199451,85.34688869, 
242,Kathmandu University School of Arts Centre for Art and Design,private,college,27.7363113,85.35280339, 
111,Kathmandu Valley College (A level),private,higher_secondary,27.74085797,85.33849104, 
18,Kathmandu Valley School,private,college,27.73797447,85.34123298, 
240,Kathmandu Valley School and College,private,higher_secondary,27.70333939,85.29500467, 
85,Kendriya Bahira Higher Secondary School,government,college,27.71436343,85.33117003, 
192,KFA Business School,private,college,27.6954685,85.33781663, 
44,Khwopa Higher Secondary School and College,community,college,27.67746353,85.43229121, 
261,King's College,private,college,27.68906029,85.32798785, 
74,KIST College,private,college,27.71172019,85.32527389, 
214,Kitini Higher Secondary School,government,college,27.60912391,85.35588261, 
344,Koteshwor Saraswoti School,government,college,27.68040729,85.34114113, 
213,Kumari Boarding Higher Secondary School,private,college,27.72230493,85.35918315, 
9,Laboratory Higher SecondarySchool,community,higher_secondary,27.67772016,85.29492743, 
300,Lalit Kala Campus,government,college,27.70752826,85.31379426, 
306,Lalitpur Nursing Campus,government,college,27.68124498,85.30512269, 
277,Laxmi Sikshya Sadan Higher Secondary School,private,higher_secondary,27.69544616,85.3040145, 
152,Liberty college,private,college,27.69447124,85.32891894, 
92,Lincoln College,private,college,27.7333755,85.31732724, 
477,Little Angel's School,private,higher_secondary,27.65141076,85.33580063, 
29,Little Buddha College of Health Science,private,college,27.6837538,85.33752127, 
399,Liverpool International College,private,college,27.68775708,85.33447836, 
100,Lord Buddha College,private,higher_secondary,27.74315889,85.32008891, 
82,Lord Budhha Education Foundation,private,college,27.7056555,85.33312427, 
346,LRI Higher Secondary School,community,higher_secondary,27.69299598,85.27445645, 
162,Lumbini Academic Foundation,private,higher_secondary,27.72041244,85.34953067, 
353,Lumbini College,private,college,27.6636048,85.31954684, 
179,Madan Bhandari Memorial College,community,college,27.69511324,85.32964906, 
379,Maha Manjushree Higher Secondary School,private,higher_secondary,27.71843653,85.27004138, 
238,Mahendra Adarsha Higher Secondary School,community,higher_secondary,27.66104936,85.34783686, 
329,Mahendra Adarsha Vidya School,community,college,27.65839199,85.32605702, 
107,Mahendra Bhawan Higher Secondary School,community,higher_secondary,27.71295015,85.33398241, 
71,Mahendra Bouddha Higher Secondary School,government,higher_secondary,27.72306577,85.36359425, 
251,Mahendra Higher Secondary School,government,higher_secondary,27.67829101,85.4733943, 
40,Mahendra Rastriya Higher Secondary School,government,higher_secondary,27.72499521,85.33105953, 
10,Malpi International College,private,college,27.7239478,85.32797758, 
123,Manasalu Public Higher Secondary School,private,higher_secondary,27.72093001,85.30738726, 
176,Metro Higher Secondary School,private,higher_secondary,27.69092948,85.3339061, 
80,Mid-Valley International College,private,college,27.70674001,85.33074699, 
21,Milestone International College,private,college,27.67221649,85.33982951, 
380,Milestone International English Boarding School,private,higher_secondary,27.72257235,85.24884135, 
244,Modern Higher Secondary School,private,higher_secondary,27.67259642,85.38277758, 
440,Modern School,private,higher_secondary,27.65928526,85.39569113, 
356,Morgan Academy,private,college,27.67050325,85.31915722, 
49,Morgan College,private,college,27.73907246,85.3277245, 
181,Mount Everest Higher Secondary School,private,higher_secondary,27.66489019,85.42586269, 
237,Mount Glory English Boarding High School,private,higher_secondary,27.7060157,85.29877792, 
235,Mt. Gaurishankar Higher Secondary School,private,higher_secondary,27.6712278,85.34351875, 
398,Nabin Jyoti English Boarding School,private,higher_secondary,27.72673992,85.24117972, 
445,Nagarjun Thula Gaun Higher Secondary School,government,higher_secondary,27.76880187,85.27200958, 
70,Nagarjun Valley Academy,private,higher_secondary,27.72799047,85.29133105, 
54,Nagarjuna College of Information Technology,private,college,27.68157969,85.31701194, 
86,Namuna College of Fashion Technology,private,college,27.74424041,85.34136635, 
390,National Academy for Medical Science,private,college,27.70109853,85.34219252, 
321,National Campus,private,higher_secondary,27.66879864,85.33972919, 
16,National College,private,college,27.7231958,85.33086, 
392,National College NIST Higher Education Complex,private,college,27.71790893,85.30500252, 
223,National College of Information Technology(NCIT),private,college,27.67144082,85.33912057, 
273,National Institute of Science (NIS Patan),private,higher_secondary,27.6836867,85.31214509, 
75,National Integrated College,private,college,27.70675254,85.32564266, 
274,National Law College,private,college,27.68098645,85.31646195, 
272,National Multiple Campus (NMC),private,college,27.68380219,85.3122985, 
315,National Open College,private,college,27.68274832,85.30185131, 
218,National School of Science (NIST),private,higher_secondary,27.71825252,85.31397148, 
308,Nava Jyoti College,private,college,27.68219019,85.34832327, 
132,Navajeewan Educational Academy,private,higher_secondary,27.7359767,85.31801186, 
193,Navodit College,private,college,27.72936549,85.31528682, 
400,Nawa Prabhat Higher Secondary School,private,higher_secondary,27.67504561,85.31579352, 
351,NEC (BHD program),private,college,27.66548847,85.32020551, 
104,Nepa School of Social Sciences and Humanities,private,college,27.71498074,85.34304113, 
286,Nepal Central Higher Secondary School,private,higher_secondary,27.67201805,85.35044396, 
316,Nepal College of Management,community,college,27.67432717,85.30129208, 
387,Nepal College of Travel and Tourism Management,private,college,27.707756,85.33954831, 
28,Nepal Commerce Campus,government,college,27.68545644,85.33740121, 
473,Nepal Engineering College (PU),private,college,27.68005033,85.29685738, 
323,Nepal Institute of Medical Science and Technology,private,college,27.70510713,85.34741652, 
248,Nepal Law Campus,government,college,27.70267057,85.31952056, 
475,Nepal Medical College and Teaching Hospital,private,college,27.734521,85.37955395, 
452,Nepal Rastriya Higher Secondary School,government,higher_secondary,27.74196062,85.30342135, 
194,New Himalayan Bidya Mandir Higher Secondary School,private,higher_secondary,27.72389874,85.31474011, 
90,New Leera School,private,higher_secondary,27.72108874,85.32886878, 
254,New Millennium College,private,college,27.72876267,85.34520142, 
460,New Summit College,private,college,27.69904055,85.3395481, 
138,Newton International College,private,college,27.7134939,85.34267954, 
208,Nichholson Higher Secondary School,private,higher_secondary,27.67329581,85.40501159, 
275,Nightingale College,private,college,27.6895628,85.3123268, 
302,Nightingale Nursing College,private,higher_secondary,27.69087923,85.31121671, 
466,Nil barahi Higher Secondary School,community,higher_secondary,27.7004181,85.30163251, 
269,Niten Memorial School,private,higher_secondary,27.7556972,85.32630848, 
180,Nobel academy,private,higher_secondary,27.68995227,85.33192729, 
463,Nobel College,private,college,27.69791541,85.34728801, 
19,Norvic Institute of Nursing Education,private,college,27.74019415,85.34006305, 
168,Nova International College,private,college,27.68689675,85.33770199, 
55,NTP Tourisum Affaire,private,college,27.68202364,85.31646571, 
173,Oliver Public School,private,higher_secondary,27.73785439,85.34492328, 
2,Olympia World College / Milton International College,private,college,27.6872676,85.32738981, 
145,Olympia World Higher Secondary School,private,higher_secondary,27.68847014,85.32766509, 
355,Omega International College,private,college,27.66968687,85.31919892, 
283,Opal College of Applied Management,private,college,27.71351141,85.34233217, 
341,Orchid College,private,college,27.69744212,85.34969984, 
87,Orient College (A level),private,college,27.74340718,85.33955708, 
284,Oscar International College,private,college,27.71078444,85.34383548, 
352,Oxbridge College,private,college,27.66481875,85.32000848, 
126,Oxford Higher Secondary School,private,college,27.7223917,85.30266017, 
470,Padma Higher Secondary School,government,higher_secondary,27.67298897,85.42750847, 
296,Padma Kanya Campus,government,college,27.70645897,85.32100116, 
310,Padma Kanya Higher Secondary School,government,higher_secondary,27.70500058,85.32615204, 
103,Paradise International Academy,private,higher_secondary,27.71319851,85.33921603, 
117,Paropakar Higher Secondary School,government,higher_secondary,27.7018642,85.3032182, 
142,Pasang Lhamu Sherpa Memorial College,community,college,27.73331612,85.31851544, 
282,Pashupati Multiple College,community,college,27.71340751,85.3446534, 
278,Pawan pakriti higher secondary school,private,higher_secondary,27.65978243,85.35427081, 
427,Pharphing Higher Secondary School,government,higher_secondary,27.60996959,85.26188804, 
177,Phoenix College of Management,private,college,27.69197987,85.32947252, 
366,Pinnacle Academy School,private,higher_secondary,27.6665066,85.32474165, 
312,Platinum Management College,private,college,27.70327918,85.32620293, 
45,Prabhat English Higher Secondary School,private,higher_secondary,27.67626843,85.43047639, 
360,Prabhat Higher Secondary School,government,higher_secondary,27.66735722,85.33084462, 
46,Prabhat School,private,higher_secondary,27.67574224,85.43064865, 
153,Pragati Higher Secondary Boarding School,private,higher_secondary,27.73149624,85.30378755, 
276,Pragati Sikshya Sadan Secondary School,community,higher_secondary,27.68773982,85.31545666, 
219,Pragya Higher Secondary Boarding School,private,higher_secondary,27.71901727,85.31204798, 
446,Pragya Secondary School,private,college,27.67531755,85.34625417, 
361,Prasadi Academy,private,college,27.67128454,85.31719083, 
202,Precious National Academy Higher Secondary School,private,higher_secondary,27.72392172,85.30849006, 
169,Premier College,private,college,27.68731655,85.33699759, 
198,Premier College (BBS Block),private,college,27.69221211,85.33679783, 
175,Presidential Business Academy,private,college,27.686619,85.32795323, 
121,Prime College,private,college,27.72082384,85.30287376, 
375,Princeton International Higher Secondary School,private,higher_secondary,27.68880827,85.34398956, 
442,Prithvi Narayan Higher Secondary School,government,higher_secondary,27.75931868,85.28965911, 
79,Prolific Higher Secondary School,private,college,27.72960324,85.34450488, 
33,Pulchowk Engineering Campus,government,college,27.68224628,85.32151973, 
95,Pushpalal Memorial College,government,college,27.71808441,85.34535613, 
317,Pushpalal Memorial Higher Secondary School,private,higher_secondary,27.73228143,85.35903709, 
58,Pyramid International College,private,college,27.70457851,85.34674799, 
331,Quest International College,private,college,27.66822492,85.33262284, 
231,Rainbow International Boarding Higher Secondary school,private,higher_secondary,27.70844284,85.29788708, 
413,Rastriya Higher Secondary School,government,higher_secondary,27.73561547,85.44539262, 
249,Ratna Rajya Campus,government,college,27.70261714,85.31981864, 
191,Ratna Rajya Higher Secondary School,government,higher_secondary,27.69580257,85.3373358, 
411,Rato Bangala School,private,higher_secondary,27.67782733,85.3196936, 
188,Redhon College,private,college,27.72794952,85.3135852, 
41,Reliance International Academy (RIA),private,college,27.72268753,85.34875331, 
243,Reliance Residential Higher Secondary School,private,higher_secondary,27.69707266,85.34352736, 
290,Republica College,private,college,27.6706475,85.31849237, 
12,Rhododendron International Higher Secondary Boarding School,private,higher_secondary,27.68958919,85.2389029, 
328,Rising Star College of Management,private,college,27.69887937,85.28534289, 
228,RITZ Hospitality Management College,private,college,27.67221226,85.34004684, 
146,Rose Bud School,private,higher_secondary,27.68743417,85.32520217, 
437,Rupy's International College,private,higher_secondary,27.70416315,85.28606863, 
307,Sagarmatha Engineering College,private,college,27.68827879,85.30277716, 
401,Sagarmatha Higher Secondary School,private,higher_secondary,27.67454193,85.31638953, 
402,Sagarmatha Higher Secondary School(+2),private,higher_secondary,27.67489748,85.31610549, 
81,Sagarmatha Multiple College,private,college,27.70362901,85.32932027, 
359,Sahayogi Higher Secondary School,government,higher_secondary,27.73985649,85.38710268, 
279,Samata Academy,private,higher_secondary,27.7226757,85.36823502, 
429,Sangla Bal Kumari Higher Secondary School,government,higher_secondary,27.79001093,85.31896609, 
97,SANN Institute of Nursing,private,college,27.71287919,85.34118119, 
15,SANN International College,private,college,27.72032271,85.32796954, 
370,Santowna Memorial Multiple College,private,college,27.68915148,85.34505889, 
166,Saraswati Boarding School,private,higher_secondary,27.71242067,85.3084055, 
270,Saraswoti Higher Secondary school,government,higher_secondary,27.69094059,85.49050157, 
32,Saraswoti Multiple Campus,government,college,27.71863312,85.31101472, 
148,Sauriya Education Foundation,private,higher_secondary,27.69130811,85.35090478, 
371,Saurya International Higher Secondary School,private,higher_secondary,27.69314049,85.34615482, 
110,Schemes Public Higher Secondary School,private,higher_secondary,27.73813706,85.33459716, 
65,SchEMS,private,college,27.69420063,85.33739378, 
376,School of Geomatics,private,college,27.69767757,85.34266865, 
245,Seabird International School,private,higher_secondary,27.67314715,85.38796494, 
125,Shahid Ramnath Dahal Memorial Academy,private,college,27.72441098,85.29766731, 
458,Shankarapur Academy,private,college,27.71987679,85.38112404, 
47,Shanker Dev Campus,government,college,27.70367177,85.32196542, 
246,Shankhadhar Memorial School,private,higher_secondary,27.66913997,85.38618534, 
56,Shanti Nikunj School,government,higher_secondary,27.70460062,85.30393312, 
51,Sharada Campus,private,college,27.67971006,85.44456445, 
182,Sharda Higher Secondary School,government,higher_secondary,27.67346234,85.42898854, 
259,Shraddha College of Health Science,private,college,27.6748676,85.39195031, 
394,Shramik Shanti Higher Secondary School,government,higher_secondary,27.67434695,85.32910456, 
409,Shree Bahagyodaya Higher Secondary School,government,higher_secondary,27.72733844,85.46207198, 
337,Shree Bajrabarahi Secondary School,government,higher_secondary,27.60457976,85.32705896, 
385,Shree Bal Kumari School,government,higher_secondary,27.63031453,85.32053447, 
430,Shree Bhim HS School,government,higher_secondary,27.70454052,85.21151654, 
257,Shree Bode Higher Secondary School,government,higher_secondary,27.69156784,85.38695631, 
419,Shree Buddha Higher Secondary School,government,higher_secondary,27.6175158,85.35109613, 
454,Shree Chuni Devi Higher Secondary School,government,higher_secondary,27.60204295,85.31274203, 
453,Shree Devi Higher Secondary School,government,higher_secondary,27.56962264,85.28353893, 
227,Shree Gambhir Samundra Setu Higher Secondary School,government,higher_secondary,27.67073968,85.34352635, 
72,Shree Gandhi Tulsi School,government,higher_secondary,27.69655805,85.36986125, 
318,Shree Gram Sikshya Higher Secondary School,government,higher_secondary,27.74087326,85.36398672, 
456,Shree Harisiddhi Higher Secondary School,government,higher_secondary,27.63753408,85.34191784, 
212,Shree Janakalyan Higher Secondary School,government,higher_secondary,27.7257633,85.35803613, 
443,Shree Kalika Sharan Higher Secondary School,government,higher_secondary,27.75021608,85.49698008, 
447,Shree Krishna Higher Secondary School,government,higher_secondary,27.70100752,85.46945631, 
253,Shree Maan Singh Dharna Secondary School,government,higher_secondary,27.74553136,85.31145475, 
263,Shree Mahalaxmi Higher Secondary School,government,higher_secondary,27.64215649,85.37377118, 
17,Shree Mahankal Janajagarit H.S. School,government,higher_secondary,27.74865836,85.34895548, 
101,Shree Manohar Higher Secondary School,government,higher_secondary,27.73762962,85.31927642, 
120,Shree Navayug Secondary School,government,higher_secondary,27.69970099,85.30516827, 
412,Shree Nepal Rastriya Nirman Higher Secondary School,government,higher_secondary,27.71546245,85.40099185, 
420,Shree Phulchowki Higher Secondary School,government,higher_secondary,27.6245717,85.34772828, 
267,Shree Saraswati Higher Secondary School,government,higher_secondary,27.76632266,85.33129895, 
118,Shree Saraswati Niketan Secondary School,government,higher_secondary,27.69889683,85.30405604, 
436,Shree Saraswoti Higher Secondary School,government,higher_secondary,27.61423797,85.32254438, 
322,Shree Shanti Vidhyashram Higher Secondary School,government,higher_secondary,27.67235012,85.32825885, 
220,Shree Shanti Vidya Griha Higher Secondary School,community,higher_secondary,27.71795029,85.31354002, 
324,Shree Sharada Higher Secondary School,government,higher_secondary,27.70169559,85.35008012, 
441,Shree Siddhiganesh Higher Secondary School,government,higher_secondary,27.7548139,85.44679015, 
422,Shree Siddhimangal Higher Secondary School,government,higher_secondary,27.64914956,85.35378157, 
397,Shree Sitalaila Higher Secondary School,government,higher_secondary,27.7095318,85.28082106, 
37,Shree Tangal Higher Secondary School,government,higher_secondary,27.71618889,85.33187488, 
320,Shree Taudaha Rastriya Higher Secondary School,government,higher_secondary,27.65103793,85.28376908, 
266,Shree Tika Vidyashram Higher Secondary School,government,higher_secondary,27.68534998,85.30944508, 
377,Siddhartha Vanasthali Institute,community,college,27.7257821,85.2979506, 
203,Siddhi Ganesh Higher Secondary School,community,higher_secondary,27.71839564,85.31025587, 
124,Sigma College,private,college,27.71939546,85.30784367, 
221,Silver Mountain School of Hotel Management,private,college,27.71945934,85.31441809, 
433,Sisneri Higher Secondary School,government,higher_secondary,27.62769741,85.39602437, 
67,Sitala Higher Secondary School,government,higher_secondary,27.73692649,85.2948016, 
378,Sitaram Higher Secondary School,government,higher_secondary,27.71839825,85.25693599, 
66,Societal Higher Secondary School,private,college,27.69290491,85.33600582, 
94,Softwarica College,private,college,27.70627531,85.3306598, 
7,SOS Herman Gmeienr School,community,higher_secondary,27.68401257,85.37138786, 
350,South Asian Institute of Management,private,college,27.66663125,85.32006151, 
50,Southwestern College,private,college,27.73939168,85.32843094, 
150,St. Lawrence College,private,college,27.71543122,85.34687762, 
0,St. Mary's School,community,higher_secondary,27.67542921,85.31130814, 
1,St. Xavier's College,private,college,27.69329376,85.3211362, 
303,Star Academy Lalitpur,private,higher_secondary,27.6838952,85.30415861, 
225,Sunshine Higher Secondary School,private,higher_secondary,27.67286326,85.39052931, 
196,Sunway International Business School,private,college,27.6962599,85.33770015, 
233,Supreme Academy,private,higher_secondary,27.68175918,85.39248817, 
207,Surya Deep Higher Secondary School,private,higher_secondary,27.66869125,85.41268964, 
448,Sushma Koirala Nursing Campus,community,college,27.7255601,85.45434485, 
459,Swati Sadan Higher Secondary School,private,higher_secondary,27.73646562,85.30442746, 
141,Sweta Sadan Higher Secondary School,private,higher_secondary,27.73572721,85.31728537, 
155,Swopna Vatika Academic College,private,college,27.68400278,85.32903909, 
156,Swopna Vatika Academic Higher Secondary School,private,higher_secondary,27.68370677,85.32930744, 
128,Swoyambhu College/Prime CA,private,college,27.68699146,85.33573488, 
93,Takshashila Academy,private,college,27.73544002,85.32206065, 
418,Tej Binayak School,government,higher_secondary,27.70639109,85.37905101, 
285,Texas International College,private,college,27.71252702,85.34461651, 
388,Thames International College,private,college,27.70161015,85.34226574, 
83,Thapathali Engineering Campus,government,college,27.69465053,85.31885849, 
197,The Aryan School,private,college,27.69606059,85.33829818, 
255,The Insight Vision Higher Secondary School,private,higher_secondary,27.72688626,85.34199495, 
230,The Sunshine Secondary Boarding School,private,higher_secondary,27.71192301,85.29634677, 
130,Tilingatar Higher Secondary School,government,higher_secondary,27.74614842,85.33075073, 
76,Times International College,private,college,27.70836346,85.32664835, 
292,Tri Chandra Campus,government,college,27.70842886,85.3164275, 
425,Tribhuvan Adarsha Secondary School,community,higher_secondary,27.61390379,85.26415308, 
319,Trijyoti Higher Secondary School,private,higher_secondary,27.73446581,85.36249863, 
311,Trinity International College and Higher Secondary School,private,college,27.70359859,85.32510548, 
304,Tri-Padma Higher Secondary School,government,higher_secondary,27.67563758,85.31681244, 
309,Triton International College,private,college,27.68258047,85.34387868, 
102,Triyog Higher Secondary School,private,higher_secondary,27.74721267,85.32586524, 
159,Tungram International Academy  Higher Secondary School and College,private,higher_secondary,27.75377079,85.34788906, 
340,Unigloge College,private,college,27.68976746,85.34008798, 
362,Unique College of Management,private,college,27.67086683,85.31899305, 
357,United Academy,private,college,27.6693631,85.3184074, 
256,Universal Higher Secondary School,private,higher_secondary,27.72278761,85.34033002, 
298,Universal Science College,private,college,27.67983193,85.32645123, 
170,Valley College of Technical Sciences,private,college,27.73091239,85.33176829, 
174,Valley Public Higher Secondary School,private,higher_secondary,27.74985383,85.35262166, 
35,Vibes College,private,college,27.67334145,85.37668062, 
43,Vidyarthi Niketan,government,higher_secondary,27.67222754,85.42964169, 
391,Vinayak College of Health Science,private,college,27.7039376,85.34367618, 
135,Vishwa Niketan Higher Secondary School,government,higher_secondary,27.69290904,85.31189154, 
30,Welhams College,private,college,27.67254539,85.31564207, 
165,Whitefield English Boarding School,private,higher_secondary,27.71045745,85.30608927, 
265,Whitefield International College,private,college,27.71554995,85.30301817, 
59,Wigan & Leigh College,private,college,27.7081465,85.33915498, 
84,Xavier International College,private,college,27.71397275,85.337049, 
8,Yeti Health Science Academy,private,college,27.73555975,85.32814959, 
